episode,reward,length,epsilon
1,120,142,0.9995
2,150,239,0.9990002500000001
3,110,73,0.9985007498750001
4,-140,18,0.9980014995000627
5,30,68,0.9975024987503127
6,110,165,0.9970037475009376
7,90,105,0.9965052456271871
8,80,112,0.9960069930043736
9,-140,16,0.9955089895078715
10,220,187,0.9950112350131176
11,80,56,0.9945137293956111
12,-20,44,0.9940164725309134
13,-60,48,0.993519464294648
14,-30,98,0.9930227045625007
15,190,83,0.9925261932102195
16,350,300,0.9920299301136144
17,-60,44,0.9915339151485576
18,210,156,0.9910381481909833
19,-140,29,0.990542629116888
20,-160,12,0.9900473578023296
21,-80,39,0.9895523341234285
22,-100,28,0.9890575579563669
23,80,81,0.9885630291773887
24,-40,26,0.9880687476628001
25,30,151,0.9875747132889687
26,-50,73,0.9870809259323243
27,430,300,0.9865873854693582
28,10,51,0.9860940917766235
29,-20,71,0.9856010447307353
30,10,80,0.98510824420837
31,-50,33,0.9846156900862658
32,110,134,0.9841233822412228
33,10,54,0.9836313205501022
34,10,71,0.9831395048898272
35,-30,62,0.9826479351373822
36,-130,23,0.9821566111698136
37,90,141,0.9816655328642288
38,120,162,0.9811747000977967
39,-130,29,0.9806841127477479
40,-60,125,0.9801937706913741
41,10,62,0.9797036738060285
42,-50,24,0.9792138219691255
43,-60,44,0.978724215058141
44,-80,61,0.978234852950612
45,-10,46,0.9777457355241367
46,80,100,0.9772568626563747
47,220,173,0.9767682342250465
48,80,75,0.976279850107934
49,460,300,0.9757917101828801
50,250,268,0.9753038143277888
51,-60,90,0.974816162420625
52,100,134,0.9743287543394147
53,-110,20,0.973841589962245
54,150,189,0.973354669167264
55,-30,67,0.9728679918326804
56,190,141,0.972381557836764
57,220,226,0.9718953670578457
58,200,177,0.9714094193743169
59,-140,11,0.9709237146646298
60,180,293,0.9704382528072976
61,-30,30,0.9699530336808939
62,180,182,0.9694680571640535
63,-40,48,0.9689833231354715
64,100,92,0.9684988314739038
65,-90,24,0.9680145820581669
66,100,233,0.9675305747671379
67,120,66,0.9670468094797544
68,190,231,0.9665632860750146
69,150,207,0.9660800044319772
70,80,92,0.9655969644297613
71,10,115,0.9651141659475465
72,20,62,0.9646316088645728
73,-30,79,0.9641492930601405
74,-10,66,0.9636672184136105
75,-10,31,0.9631853848044037
76,90,216,0.9627037921120016
77,440,300,0.9622224402159457
78,80,82,0.9617413289958378
79,-10,45,0.9612604583313399
80,-120,18,0.9607798281021742
81,20,84,0.9602994381881231
82,-30,25,0.9598192884690291
83,190,163,0.9593393788247946
84,260,184,0.9588597091353822
85,-50,26,0.9583802792808146
86,190,186,0.9579010891411742
87,0,90,0.9574221385966036
88,210,162,0.9569434275273054
89,240,208,0.9564649558135419
90,220,139,0.9559867233356352
91,-100,32,0.9555087299739674
92,-120,31,0.9550309756089804
93,-130,48,0.954553460121176
94,0,101,0.9540761833911156
95,190,132,0.95359914529942
96,100,150,0.9531223457267703
97,-30,45,0.952645784553907
98,0,53,0.9521694616616301
99,340,300,0.9516933769307994
100,240,257,0.951217530242334
101,50,111,0.9507419214772129
102,20,156,0.9502665505164744
103,30,79,0.9497914172412162
104,20,91,0.9493165215325956
105,-120,49,0.9488418632718294
106,-100,18,0.9483674423401935
107,50,180,0.9478932586190235
108,0,104,0.9474193119897141
109,170,130,0.9469456023337193
110,290,300,0.9464721295325524
111,-90,52,0.9459988934677862
112,-100,28,0.9455258940210524
113,450,300,0.9450531310740419
114,60,200,0.9445806045085049
115,60,67,0.9441083142062507
116,220,204,0.9436362600491477
117,-30,42,0.9431644419191232
118,180,263,0.9426928596981636
119,-80,38,0.9422215132683146
120,170,188,0.9417504025116805
121,40,83,0.9412795273104247
122,-120,14,0.9408088875467696
123,10,60,0.9403384831029963
124,-110,41,0.9398683138614449
125,-30,62,0.9393983797045142
126,70,187,0.938928680514662
127,200,291,0.9384592161744048
128,200,152,0.9379899865663176
129,-120,11,0.9375209915730345
130,120,219,0.937052231077248
131,240,181,0.9365837049617094
132,-60,23,0.9361154131092286
133,-90,34,0.9356473554026741
134,40,102,0.9351795317249728
135,150,111,0.9347119419591103
136,320,300,0.9342445859881309
137,-120,13,0.9337774636951368
138,90,116,0.9333105749632893
139,50,51,0.9328439196758077
140,450,300,0.9323774977159699
141,130,220,0.9319113089671119
142,-30,53,0.9314453533126285
143,390,300,0.9309796306359722
144,60,148,0.9305141408206543
145,60,88,0.9300488837502441
146,140,155,0.9295838593083691
147,-70,51,0.929119067378715
148,50,169,0.9286545078450257
149,10,78,0.9281901805911033
150,-40,90,0.9277260855008077
151,10,75,0.9272622224580573
152,-30,48,0.9267985913468284
153,-20,46,0.926335192051155
154,-60,97,0.9258720244551295
155,-10,41,0.925409088442902
156,20,44,0.9249463838986807
157,0,43,0.9244839107067314
158,30,80,0.9240216687513781
159,-90,28,0.9235596579170025
160,-110,22,0.923097878088044
161,180,191,0.9226363291490001
162,-90,32,0.9221750109844257
163,-70,42,0.9217139234789336
164,10,130,0.9212530665171942
165,-20,56,0.9207924399839357
166,-70,83,0.9203320437639437
167,-70,42,0.9198718777420618
168,100,143,0.9194119418031909
169,10,59,0.9189522358322894
170,190,277,0.9184927597143733
171,-60,50,0.9180335133345161
172,180,177,0.917574496577849
173,-10,80,0.9171157093295601
174,0,106,0.9166571514748953
175,-60,124,0.916198822899158
176,50,212,0.9157407234877085
177,-40,39,0.9152828531259647
178,-40,50,0.9148252116994018
179,-90,19,0.9143677990935521
180,-20,121,0.9139106151940054
181,200,185,0.9134536598864085
182,240,286,0.9129969330564653
183,140,162,0.9125404345899372
184,-10,56,0.9120841643726423
185,-30,106,0.911628122290456
186,-70,58,0.9111723082293108
187,0,77,0.9107167220751963
188,60,150,0.9102613637141588
189,10,78,0.9098062330323018
190,-20,106,0.9093513299157857
191,-120,37,0.9088966542508279
192,-80,54,0.9084422059237025
193,60,54,0.9079879848207407
194,-100,36,0.9075339908283304
195,310,300,0.9070802238329163
196,110,200,0.9066266837209999
197,120,149,0.9061733703791394
198,-150,30,0.9057202836939499
199,130,171,0.9052674235521029
200,-10,132,0.9048147898403269
201,-80,49,0.9043623824454068
202,190,152,0.9039102012541841
203,160,264,0.9034582461535571
204,-50,86,0.9030065170304803
205,-20,85,0.9025550137719651
206,-40,40,0.9021037362650792
207,190,180,0.9016526843969468
208,0,79,0.9012018580547484
209,-10,85,0.900751257125721
210,60,54,0.9003008814971583
211,-50,44,0.8998507310564098
212,190,210,0.8994008056908817
213,-110,36,0.8989511052880362
214,30,42,0.8985016297353923
215,-70,16,0.8980523789205246
216,0,58,0.8976033527310644
217,60,125,0.8971545510546989
218,320,300,0.8967059737791716
219,50,101,0.8962576207922821
220,60,77,0.895809491981886
221,120,110,0.8953615872358951
222,-100,50,0.8949139064422772
223,-120,47,0.8944664494890561
224,210,158,0.8940192162643116
225,20,109,0.8935722066561794
226,420,300,0.8931254205528514
227,50,100,0.8926788578425751
228,100,191,0.8922325184136538
229,-130,26,0.891786402154447
230,30,42,0.8913405089533699
231,130,296,0.8908948386988933
232,-130,22,0.8904493912795439
233,-10,58,0.8900041665839042
234,-120,15,0.8895591645006123
235,160,192,0.889114384918362
236,10,74,0.8886698277259029
237,-10,103,0.88822549281204
238,350,300,0.887781380065634
239,60,153,0.8873374893756012
240,140,186,0.8868938206309135
241,90,191,0.8864503737205981
242,-20,89,0.8860071485337379
243,-70,54,0.885564144959471
244,-40,55,0.8851213628869913
245,-70,25,0.8846788022055478
246,40,167,0.8842364628044451
247,90,61,0.883794344573043
248,140,161,0.8833524474007565
249,140,237,0.8829107711770562
250,-90,21,0.8824693157914677
251,-80,78,0.882028081133572
252,370,300,0.8815870670930053
253,70,251,0.8811462735594588
254,-30,37,0.8807057004226791
255,80,288,0.8802653475724679
256,-70,29,0.8798252148986817
257,50,60,0.8793853022912325
258,170,247,0.8789456096400869
259,-60,89,0.8785061368352669
260,-40,68,0.8780668837668493
261,120,120,0.8776278503249659
262,10,67,0.8771890363998035
263,-70,58,0.8767504418816037
264,60,62,0.876312066660663
265,-50,46,0.8758739106273327
266,-20,40,0.8754359736720191
267,70,100,0.8749982556851831
268,-90,30,0.8745607565573406
269,-20,43,0.8741234761790619
270,310,300,0.8736864144409725
271,50,69,0.873249571233752
272,90,127,0.8728129464481352
273,30,149,0.8723765399749112
274,-60,48,0.8719403517049238
275,30,109,0.8715043815290714
276,70,160,0.8710686293383069
277,0,48,0.8706330950236377
278,-80,68,0.870197778476126
279,90,116,0.869762679586888
280,-80,95,0.8693277982470946
281,-10,69,0.8688931343479711
282,-10,106,0.8684586877807972
283,90,145,0.8680244584369068
284,-40,51,0.8675904462076884
285,470,300,0.8671566509845846
286,90,158,0.8667230726590923
287,-130,42,0.8662897111227629
288,-110,27,0.8658565662672015
289,-10,97,0.865423637984068
290,370,300,0.864990926165076
291,110,81,0.8645584307019936
292,330,300,0.8641261514866426
293,140,180,0.8636940884108993
294,-90,65,0.8632622413666939
295,80,194,0.8628306102460106
296,80,121,0.8623991949408877
297,90,171,0.8619679953434173
298,20,64,0.8615370113457457
299,110,154,0.8611062428400729
300,-70,35,0.8606756897186528
301,-70,19,0.8602453518737936
302,10,127,0.8598152291978567
303,-60,70,0.8593853215832578
304,-10,76,0.8589556289224661
305,-90,42,0.8585261511080049
306,0,87,0.858096888032451
307,130,105,0.8576678395884348
308,40,70,0.8572390056686406
309,-100,31,0.8568103861658064
310,50,68,0.8563819809727236
311,20,290,0.8559537899822373
312,-120,54,0.8555258130872462
313,-30,43,0.8550980501807026
314,110,94,0.8546705011556123
315,50,133,0.8542431659050345
316,200,200,0.853816044322082
317,-70,88,0.8533891362999211
318,-10,148,0.8529624417317712
319,0,51,0.8525359605109053
320,30,192,0.8521096925306499
321,-90,45,0.8516836376843847
322,-50,117,0.8512577958655425
323,0,122,0.8508321669676098
324,-100,34,0.850406750884126
325,-120,57,0.8499815475086839
326,70,149,0.8495565567349297
327,-20,88,0.8491317784565623
328,170,137,0.8487072125673341
329,-90,49,0.8482828589610505
330,-40,58,0.84785871753157
331,-120,27,0.8474347881728043
332,-30,64,0.847011070778718
333,20,155,0.8465875652433287
334,30,78,0.846164271460707
335,10,182,0.8457411893249768
336,150,151,0.8453183187303144
337,90,91,0.8448956595709493
338,0,94,0.8444732117411639
339,80,163,0.8440509751352934
340,0,123,0.8436289496477257
341,0,201,0.8432071351729019
342,350,300,0.8427855316053156
343,90,93,0.8423641388395129
344,120,121,0.8419429567700932
345,40,122,0.8415219852917082
346,250,300,0.8411012242990624
347,150,113,0.8406806736869129
348,-10,109,0.8402603333500694
349,120,183,0.8398402031833945
350,-120,23,0.8394202830818028
351,180,289,0.839000572940262
352,360,300,0.8385810726537919
353,10,86,0.8381617821174651
354,30,52,0.8377427012264064
355,10,135,0.8373238298757932
356,90,95,0.8369051679608553
357,50,284,0.8364867153768749
358,-30,36,0.8360684720191865
359,-60,66,0.835650437783177
360,-120,24,0.8352326125642855
361,20,43,0.8348149962580034
362,140,143,0.8343975887598745
363,-80,30,0.8339803899654946
364,-90,58,0.833563399770512
365,-30,37,0.8331466180706267
366,-40,138,0.8327300447615915
367,120,198,0.8323136797392108
368,-30,27,0.8318975228993413
369,60,284,0.8314815741378917
370,0,177,0.8310658333508228
371,-30,68,0.8306503004341474
372,-80,33,0.8302349752839304
373,-100,32,0.8298198577962885
374,-110,49,0.8294049478673904
375,-50,89,0.8289902453934568
376,80,179,0.8285757502707601
377,-60,54,0.8281614623956248
378,-90,58,0.8277473816644271
379,50,56,0.827333507973595
380,30,118,0.8269198412196082
381,220,293,0.8265063812989984
382,150,257,0.826093128108349
383,10,173,0.8256800815442948
384,-120,36,0.8252672415035227
385,30,93,0.824854607882771
386,-130,41,0.8244421805788297
387,-140,10,0.8240299594885403
388,0,106,0.8236179445087961
389,350,300,0.8232061355365418
390,-130,28,0.8227945324687735
391,140,217,0.8223831352025393
392,80,254,0.821971943634938
393,40,68,0.8215609576631205
394,20,104,0.8211501771842891
395,260,300,0.820739602095697
396,-90,33,0.8203292322946492
397,-90,56,0.8199190676785019
398,10,87,0.8195091081446627
399,0,89,0.8190993535905904
400,-70,63,0.8186898039137951
401,370,300,0.8182804590118382
402,300,300,0.8178713187823323
403,-70,71,0.8174623831229412
404,30,96,0.8170536519313798
405,350,300,0.8166451251054142
406,60,133,0.8162368025428616
407,310,300,0.8158286841415902
408,60,73,0.8154207697995194
409,-130,22,0.8150130594146197
410,-60,82,0.8146055528849124
411,-20,48,0.81419825010847
412,-120,27,0.8137911509834158
413,310,300,0.8133842554079241
414,90,190,0.8129775632802202
415,50,252,0.8125710744985801
416,-100,16,0.8121647889613309
417,170,253,0.8117587065668503
418,0,76,0.8113528272135669
419,110,108,0.8109471507999602
420,-60,122,0.8105416772245603
421,60,91,0.8101364063859481
422,280,300,0.8097313381827551
423,-50,147,0.8093264725136637
424,-30,78,0.808921809277407
425,-100,62,0.8085173483727683
426,-70,71,0.808113089698582
427,-50,72,0.8077090331537328
428,30,67,0.8073051786371559
429,-110,20,0.8069015260478374
430,-40,70,0.8064980752848135
431,70,223,0.8060948262471712
432,-10,43,0.8056917788340476
433,40,123,0.8052889329446307
434,80,129,0.8048862884781584
435,110,196,0.8044838453339194
436,150,192,0.8040816034112525
437,-60,28,0.8036795626095469
438,70,180,0.8032777228282422
439,80,294,0.8028760839668281
440,-80,48,0.8024746459248447
441,-30,116,0.8020734086018824
442,-50,48,0.8016723718975814
443,50,209,0.8012715357116327
444,-10,95,0.8008708999437769
445,320,300,0.8004704644938051
446,-140,39,0.8000702292615582
447,-20,102,0.7996701941469275
448,90,93,0.7992703590498541
449,-120,59,0.7988707238703292
450,-60,67,0.7984712885083941
451,120,273,0.79807205286414
452,50,166,0.797673016837708
453,-40,60,0.7972741803292892
454,50,145,0.7968755432391246
455,-70,64,0.796477105467505
456,290,300,0.7960788669147714
457,230,255,0.7956808274813141
458,40,124,0.7952829870675735
459,-10,94,0.7948853455740398
460,-40,25,0.7944879029012528
461,30,155,0.7940906589498022
462,-80,25,0.7936936136203274
463,80,155,0.7932967668135174
464,90,166,0.7929001184301107
465,-40,48,0.7925036683708957
466,-70,70,0.7921074165367102
467,-70,51,0.7917113628284419
468,190,152,0.7913155071470277
469,340,300,0.7909198493934543
470,60,111,0.7905243894687576
471,210,300,0.7901291272740233
472,-100,14,0.7897340627103864
473,-10,142,0.7893391956790312
474,290,300,0.7889445260811917
475,-30,80,0.7885500538181511
476,-140,32,0.7881557787912421
477,-100,39,0.7877617009018465
478,20,50,0.7873678200513956
479,-60,44,0.7869741361413699
480,70,83,0.7865806490732993
481,80,248,0.7861873587487627
482,-130,32,0.7857942650693883
483,260,300,0.7854013679368537
484,-100,35,0.7850086672528853
485,-20,73,0.784616162919259
486,290,300,0.7842238548377993
487,-90,40,0.7838317429103805
488,-10,43,0.7834398270389253
489,-20,65,0.783048107125406
490,-50,72,0.7826565830718433
491,150,204,0.7822652547803074
492,30,102,0.7818741221529173
493,30,205,0.7814831850918409
494,-10,175,0.781092443499295
495,0,73,0.7807018972775454
496,10,126,0.7803115463289066
497,-70,23,0.7799213905557423
498,60,247,0.7795314298604644
499,-90,41,0.7791416641455342
500,-40,108,0.7787520933134615
501,0,85,0.7783627172668048
502,-120,42,0.7779735359081715
503,-10,137,0.7775845491402175
504,70,230,0.7771957568656473
505,-100,52,0.7768071589872145
506,150,230,0.776418755407721
507,0,165,0.7760305460300172
508,0,78,0.7756425307570022
509,60,161,0.7752547094916237
510,150,181,0.7748670821368779
511,10,114,0.7744796485958095
512,40,290,0.7740924087715116
513,40,81,0.773705362567126
514,20,152,0.7733185098858425
515,-120,54,0.7729318506308996
516,20,201,0.7725453847055842
517,90,100,0.7721591120132315
518,330,300,0.771773032457225
519,0,120,0.7713871459409963
520,-100,48,0.7710014523680259
521,-30,97,0.7706159516418419
522,-50,83,0.770230643666021
523,-110,14,0.7698455283441881
524,20,51,0.769460605580016
525,-110,22,0.7690758752772261
526,-10,98,0.7686913373395875
527,-130,9,0.7683069916709178
528,10,90,0.7679228381750823
529,-70,74,0.7675388767559949
530,40,107,0.7671551073176169
531,-30,64,0.7667715297639581
532,-60,70,0.7663881439990762
533,-110,44,0.7660049499270767
534,-80,37,0.7656219474521132
535,-50,81,0.7652391364783871
536,40,150,0.764856516910148
537,40,129,0.764474088651693
538,-160,20,0.7640918516073671
539,70,156,0.7637098056815635
540,-80,24,0.7633279507787228
541,-60,23,0.7629462868033335
542,-40,100,0.7625648136599319
543,-110,13,0.762183531253102
544,10,67,0.7618024394874755
545,80,211,0.7614215382677318
546,-30,36,0.761040827498598
547,-90,65,0.7606603070848488
548,10,88,0.7602799769313064
549,-40,45,0.7598998369428408
550,130,109,0.7595198870243695
551,130,225,0.7591401270808573
552,290,300,0.7587605570173169
553,-130,13,0.7583811767388083
554,-50,55,0.758001986150439
555,20,200,0.7576229851573638
556,10,109,0.7572441736647851
557,-80,55,0.7568655515779528
558,-110,75,0.7564871188021638
559,-50,38,0.7561088752427627
560,-60,55,0.7557308208051414
561,-90,77,0.7553529553947389
562,30,201,0.7549752789170415
563,50,227,0.7545977912775831
564,-90,43,0.7542204923819443
565,-30,85,0.7538433821357534
566,-70,80,0.7534664604446856
567,-30,142,0.7530897272144633
568,-130,26,0.7527131823508562
569,-110,159,0.7523368257596807
570,-20,220,0.751960657346801
571,-30,85,0.7515846770181276
572,300,300,0.7512088846796185
573,-120,55,0.7508332802372788
574,50,201,0.7504578635971602
575,-100,31,0.7500826346653616
576,20,158,0.7497075933480289
577,-50,156,0.7493327395513549
578,-120,13,0.7489580731815793
579,260,300,0.7485835941449885
580,-40,101,0.748209302347916
581,-40,69,0.7478351976967421
582,-140,27,0.7474612800978938
583,150,236,0.747087549457845
584,-10,107,0.7467140056831161
585,-150,13,0.7463406486802746
586,20,95,0.7459674783559345
587,-10,97,0.7455944946167565
588,-120,29,0.7452216973694482
589,-50,81,0.7448490865207635
590,-100,30,0.7444766619775032
591,-90,49,0.7441044236465144
592,70,209,0.7437323714346912
593,-50,43,0.7433605052489739
594,-90,52,0.7429888249963494
595,-70,76,0.7426173305838513
596,-40,75,0.7422460219185594
597,-20,58,0.7418748989076002
598,-100,38,0.7415039614581465
599,-30,163,0.7411332094774175
600,-110,19,0.7407626428726788
601,60,230,0.7403922615512425
602,-50,164,0.7400220654204669
603,150,293,0.7396520543877567
604,-80,51,0.7392822283605629
605,-40,102,0.7389125872463826
606,-80,43,0.7385431309527595
607,-120,33,0.7381738593872831
608,-10,149,0.7378047724575895
609,-90,57,0.7374358700713607
610,50,249,0.737067152136325
611,-20,97,0.7366986185602569
612,-120,70,0.7363302692509768
613,120,213,0.7359621041163513
614,-20,38,0.7355941230642932
615,300,300,0.735226326002761
616,-40,62,0.7348587128397597
617,100,188,0.7344912834833398
618,20,149,0.7341240378415982
619,0,174,0.7337569758226774
620,-50,116,0.7333900973347661
621,-30,90,0.7330234022860987
622,-20,72,0.7326568905849558
623,140,211,0.7322905621396634
624,-20,109,0.7319244168585936
625,250,300,0.7315584546501643
626,-70,123,0.7311926754228393
627,280,300,0.7308270790851279
628,-10,118,0.7304616655455853
629,20,81,0.7300964347128126
630,260,300,0.7297313864954562
631,60,270,0.7293665208022085
632,-50,55,0.7290018375418075
633,380,300,0.7286373366230366
634,-10,93,0.7282730179547252
635,-30,141,0.7279088814457478
636,-10,103,0.727544927005025
637,10,78,0.7271811545415225
638,-100,15,0.7268175639642518
639,-40,88,0.7264541551822697
640,50,210,0.7260909281046787
641,-70,85,0.7257278826406264
642,-10,102,0.7253650186993061
643,30,95,0.7250023361899566
644,-10,215,0.7246398350218617
645,150,189,0.7242775151043508
646,20,34,0.7239153763467987
647,-20,124,0.7235534186586253
648,70,240,0.7231916419492961
649,-40,87,0.7228300461283215
650,-150,25,0.7224686311052574
651,-40,37,0.7221073967897048
652,-20,113,0.72174634309131
653,-20,39,0.7213854699197644
654,0,111,0.7210247771848045
655,-70,50,0.7206642647962122
656,-10,81,0.7203039326638141
657,180,300,0.7199437806974822
658,10,225,0.7195838088071335
659,140,193,0.71922401690273
660,310,300,0.7188644048942786
661,-30,94,0.7185049726918316
662,-10,106,0.7181457202054857
663,-10,66,0.717786647345383
664,-60,54,0.7174277540217103
665,-70,36,0.7170690401446995
666,60,216,0.7167105056246272
667,-30,130,0.716352150371815
668,-30,108,0.7159939742966291
669,40,240,0.7156359773094809
670,70,101,0.7152781593208262
671,40,202,0.7149205202411658
672,70,231,0.7145630599810453
673,-160,22,0.7142057784510548
674,140,296,0.7138486755618293
675,-10,102,0.7134917512240484
676,10,140,0.7131350053484364
677,-30,134,0.7127784378457622
678,290,300,0.7124220486268393
679,0,78,0.712065837602526
680,-130,32,0.7117098046837247
681,220,300,0.7113539497813829
682,40,102,0.7109982728064922
683,-10,103,0.710642773670089
684,-40,72,0.710287452283254
685,-20,121,0.7099323085571124
686,-130,93,0.7095773424028339
687,-10,263,0.7092225537316325
688,270,300,0.7088679424547667
689,100,170,0.7085135084835393
690,230,300,0.7081592517292976
691,-60,247,0.707805172103433
692,50,249,0.7074512695173812
693,-80,98,0.7070975438826226
694,20,109,0.7067439951106813
695,-50,130,0.7063906231131261
696,30,220,0.7060374278015695
697,-100,33,0.7056844090876688
698,-80,74,0.705331566883125
699,20,87,0.7049789010996835
700,20,207,0.7046264116491338
701,-30,80,0.7042740984433092
702,-100,100,0.7039219613940876
703,-30,44,0.7035700004133906
704,-50,131,0.703218215413184
705,-90,36,0.7028666063054774
706,-90,34,0.7025151730023247
707,-80,30,0.7021639154158236
708,-20,125,0.7018128334581157
709,-50,66,0.7014619270413868
710,-130,66,0.7011111960778661
711,10,190,0.7007606404798272
712,-90,35,0.7004102601595873
713,-70,30,0.7000600550295075
714,0,138,0.6997100250019928
715,-80,50,0.6993601699894918
716,10,88,0.6990104899044971
717,0,179,0.6986609846595448
718,190,300,0.6983116541672151
719,260,300,0.6979624983401315
720,-30,48,0.6976135170909614
721,70,282,0.697264710332416
722,-120,52,0.6969160779772499
723,120,205,0.6965676199382612
724,20,241,0.6962193361282921
725,-80,48,0.695871226460228
726,-40,71,0.6955232908469979
727,-110,16,0.6951755292015744
728,20,159,0.6948279414369737
729,0,131,0.6944805274662552
730,140,127,0.6941332872025221
731,-80,96,0.6937862205589209
732,10,45,0.6934393274486415
733,-130,21,0.6930926077849172
734,0,66,0.6927460614810248
735,50,249,0.6923996884502843
736,-150,35,0.6920534886060592
737,50,278,0.6917074618617562
738,-30,77,0.6913616081308254
739,-30,68,0.69101592732676
740,-90,83,0.6906704193630966
741,20,183,0.6903250841534151
742,-60,54,0.6899799216113385
743,-90,38,0.6896349316505328
744,240,300,0.6892901141847075
745,-100,53,0.6889454691276152
746,-30,85,0.6886009963930515
747,200,300,0.688256695894855
748,-120,36,0.6879125675469077
749,-130,26,0.6875686112631343
750,220,300,0.6872248269575028
751,0,93,0.6868812145440241
752,20,210,0.6865377739367521
753,-30,287,0.6861945050497837
754,-110,93,0.6858514077972588
755,-110,82,0.6855084820933602
756,290,300,0.6851657278523136
757,-40,63,0.6848231449883875
758,-80,46,0.6844807334158933
759,-40,98,0.6841384930491854
760,-140,79,0.6837964238026608
761,-110,55,0.6834545255907595
762,-60,83,0.6831127983279641
763,-40,183,0.6827712419288002
764,-50,88,0.6824298563078359
765,-80,106,0.6820886413796821
766,-30,85,0.6817475970589922
767,100,254,0.6814067232604628
768,40,237,0.6810660198988326
769,-100,35,0.6807254868888832
770,20,142,0.6803851241454388
771,-60,99,0.6800449315833662
772,-140,53,0.6797049091175745
773,50,164,0.6793650566630158
774,330,300,0.6790253741346843
775,-100,15,0.678685861447617
776,-80,28,0.6783465185168932
777,-80,97,0.6780073452576348
778,20,165,0.6776683415850061
779,0,286,0.6773295074142136
780,-20,120,0.6769908426605066
781,-60,102,0.6766523472391763
782,-20,117,0.6763140210655568
783,90,156,0.6759758640550241
784,-60,50,0.6756378761229966
785,230,300,0.6753000571849351
786,-120,43,0.6749624071563427
787,-10,258,0.6746249259527646
788,-40,187,0.6742876134897883
789,-20,165,0.6739504696830434
790,330,300,0.673613494448202
791,-30,77,0.6732766877009779
792,-50,54,0.6729400493571275
793,-70,84,0.672603579332449
794,-150,21,0.6722672775427828
795,-100,28,0.6719311439040114
796,-50,47,0.6715951783320595
797,-90,82,0.6712593807428935
798,-140,32,0.6709237510525221
799,-70,72,0.6705882891769959
800,-70,73,0.6702529950324074
801,-30,292,0.6699178685348912
802,10,44,0.6695829096006238
803,-50,56,0.6692481181458235
804,-90,33,0.6689134940867506
805,-20,148,0.6685790373397072
806,-30,92,0.6682447478210375
807,30,294,0.667910625447127
808,-160,55,0.6675766701344035
809,-60,28,0.6672428817993363
810,-50,82,0.6669092603584367
811,-40,154,0.6665758057282575
812,-50,60,0.6662425178253933
813,-20,84,0.6659093965664807
814,-10,144,0.6655764418681975
815,0,266,0.6652436536472635
816,-10,187,0.6649110318204399
817,-80,93,0.6645785763045297
818,40,212,0.6642462870163774
819,10,276,0.6639141638728693
820,50,190,0.6635822067909328
821,-50,45,0.6632504156875374
822,-60,72,0.6629187904796937
823,-20,243,0.6625873310844539
824,20,282,0.6622560374189117
825,180,300,0.6619249094002023
826,40,166,0.6615939469455022
827,-10,80,0.6612631499720295
828,-50,112,0.6609325183970435
829,-140,32,0.660602052137845
830,-20,278,0.660271751111776
831,-130,41,0.6599416152362202
832,-80,46,0.6596116444286021
833,-80,75,0.6592818386063878
834,-80,70,0.6589521976870846
835,-90,45,0.6586227215882411
836,-140,22,0.658293410227447
837,10,58,0.6579642635223334
838,-110,85,0.6576352813905723
839,-30,127,0.657306463749877
840,-40,84,0.6569778105180021
841,-50,28,0.6566493216127431
842,40,226,0.6563209969519368
843,-80,58,0.6559928364534608
844,-10,80,0.6556648400352342
845,240,300,0.6553370076152166
846,50,177,0.655009339111409
847,-110,34,0.6546818344418533
848,10,77,0.6543544935246325
849,-130,15,0.6540273162778703
850,-120,85,0.6537003026197313
851,-10,130,0.6533734524684215
852,-20,255,0.6530467657421873
853,90,245,0.6527202423593162
854,210,300,0.6523938822381367
855,-60,98,0.6520676852970176
856,-140,39,0.6517416514543691
857,-100,28,0.651415780628642
858,0,172,0.6510900727383278
859,30,162,0.6507645277019586
860,-40,86,0.6504391454381077
861,-50,45,0.6501139258653886
862,10,136,0.649788868902456
863,20,92,0.6494639744680049
864,-10,59,0.6491392424807709
865,-90,179,0.6488146728595305
866,-100,79,0.6484902655231009
867,-60,41,0.6481660203903393
868,-80,31,0.6478419373801442
869,-120,31,0.6475180164114541
870,-70,98,0.6471942574032484
871,-10,63,0.6468706602745469
872,-50,70,0.6465472249444096
873,-160,16,0.6462239513319374
874,-100,54,0.6459008393562715
875,280,300,0.6455778889365934
876,20,230,0.6452550999921252
877,-60,77,0.6449324724421291
878,10,175,0.6446100062059081
879,-60,121,0.6442877012028052
880,-70,58,0.6439655573522038
881,-50,160,0.6436435745735278
882,0,267,0.6433217527862412
883,-30,128,0.6430000919098481
884,-60,69,0.6426785918638932
885,-40,95,0.6423572525679613
886,-110,29,0.6420360739416774
887,-10,152,0.6417150559047066
888,-70,26,0.6413941983767543
889,30,188,0.6410735012775659
890,-120,38,0.6407529645269272
891,30,99,0.6404325880446637
892,-120,20,0.6401123717506414
893,-90,38,0.6397923155647661
894,-70,71,0.6394724194069837
895,-110,38,0.6391526831972802
896,50,123,0.6388331068556816
897,-110,49,0.6385136903022538
898,-50,107,0.6381944334571027
899,-110,63,0.6378753362403742
900,-50,90,0.637556398572254
901,-60,81,0.6372376203729679
902,-60,141,0.6369190015627815
903,30,293,0.6366005420620001
904,-90,115,0.6362822417909691
905,-20,193,0.6359641006700737
906,-50,70,0.6356461186197387
907,-100,111,0.6353282955604289
908,-30,219,0.6350106314126487
909,-60,113,0.6346931260969424
910,-110,62,0.634375779533894
911,-90,121,0.6340585916441271
912,-80,77,0.6337415623483051
913,-90,35,0.633424691567131
914,30,90,0.6331079792213474
915,-20,113,0.6327914252317368
916,-100,165,0.6324750295191209
917,60,168,0.6321587920043614
918,-30,227,0.6318427126083592
919,210,300,0.6315267912520551
920,-40,120,0.6312110278564291
921,-40,267,0.630895422342501
922,10,50,0.6305799746313298
923,-80,33,0.6302646846440141
924,-10,149,0.6299495523016921
925,10,157,0.6296345775255413
926,-40,134,0.6293197602367786
927,170,300,0.6290051003566602
928,180,300,0.628690597806482
929,40,280,0.6283762525075788
930,-20,29,0.6280620643813251
931,-50,97,0.6277480333491344
932,-20,64,0.6274341593324599
933,0,81,0.6271204422527937
934,70,240,0.6268068820316673
935,30,124,0.6264934785906515
936,-10,91,0.6261802318513562
937,-20,154,0.6258671417354306
938,40,296,0.6255542081645629
939,-90,48,0.6252414310604806
940,-130,62,0.6249288103449504
941,-60,157,0.624616345939778
942,50,165,0.6243040377668081
943,30,242,0.6239918857479247
944,-10,288,0.6236798898050508
945,-20,248,0.6233680498601484
946,-90,21,0.6230563658352183
947,-50,101,0.6227448376523007
948,10,288,0.6224334652334746
949,-110,122,0.622122248500858
950,-50,65,0.6218111873766076
951,-10,90,0.6215002817829193
952,10,111,0.6211895316420278
953,210,300,0.6208789368762069
954,-130,22,0.6205684974077688
955,-40,93,0.6202582131590649
956,-40,58,0.6199480840524855
957,-120,54,0.6196381100104592
958,-10,259,0.619328290955454
959,60,199,0.6190186268099763
960,-60,77,0.6187091174965714
961,-40,65,0.6183997629378232
962,-70,67,0.6180905630563543
963,-10,140,0.6177815177748261
964,220,300,0.6174726270159387
965,-80,16,0.6171638907024308
966,30,81,0.6168553087570796
967,20,228,0.6165468811027011
968,-100,64,0.6162386076621498
969,-60,113,0.6159304883583188
970,0,181,0.6156225231141397
971,-130,26,0.6153147118525827
972,-120,56,0.6150070544966564
973,-30,69,0.6146995509694081
974,-20,46,0.6143922011939235
975,230,300,0.6140850050933265
976,-70,145,0.6137779625907799
977,20,219,0.6134710736094845
978,20,261,0.6131643380726798
979,-110,27,0.6128577559036434
980,-70,95,0.6125513270256917
981,70,230,0.6122450513621789
982,40,299,0.6119389288364978
983,260,300,0.6116329593720796
984,-10,88,0.6113271428923936
985,-60,94,0.6110214793209475
986,10,207,0.6107159685812871
987,10,164,0.6104106105969964
988,180,300,0.610105405291698
989,250,300,0.6098003525890522
990,20,170,0.6094954524127577
991,300,300,0.6091907046865513
992,300,300,0.6088861093342081
993,-70,25,0.608581666279541
994,20,103,0.6082773754464013
995,-50,110,0.6079732367586781
996,-70,163,0.6076692501402988
997,-100,45,0.6073654155152287
998,-30,138,0.6070617328074711
999,190,300,0.6067582019410674
1000,50,212,0.606454822840097
1001,-30,126,0.606151595428677
1002,-60,41,0.6058485196309628
1003,-80,101,0.6055455953711473
1004,-40,108,0.6052428225734617
1005,-40,50,0.6049402011621751
1006,-150,22,0.604637731061594
1007,-70,175,0.6043354121960632
1008,-80,96,0.6040332444899652
1009,-100,43,0.6037312278677203
1010,-10,130,0.6034293622537864
1011,40,104,0.6031276475726596
1012,-30,113,0.6028260837488733
1013,-90,27,0.6025246707069989
1014,-30,107,0.6022234083716455
1015,-50,109,0.6019222966674597
1016,-50,106,0.601621335519126
1017,-30,115,0.6013205248513664
1018,-10,231,0.6010198645889407
1019,-100,99,0.6007193546566463
1020,-90,106,0.6004189949793179
1021,-10,95,0.6001187854818283
1022,-130,14,0.5998187260890874
1023,-120,35,0.5995188167260429
1024,0,265,0.5992190573176799
1025,-110,29,0.5989194477890211
1026,-10,123,0.5986199880651266
1027,20,150,0.5983206780710941
1028,-70,86,0.5980215177320586
1029,0,89,0.5977225069731926
1030,-60,100,0.5974236457197061
1031,-90,60,0.5971249338968463
1032,-50,49,0.5968263714298979
1033,10,196,0.596527958244183
1034,-60,139,0.596229694265061
1035,10,168,0.5959315794179285
1036,290,300,0.5956336136282195
1037,210,300,0.5953357968214055
1038,-60,74,0.5950381289229948
1039,-120,32,0.5947406098585333
1040,40,294,0.594443239553604
1041,-10,105,0.5941460179338273
1042,-10,72,0.5938489449248604
1043,-50,146,0.593552020452398
1044,-50,177,0.5932552444421718
1045,-30,126,0.5929586168199508
1046,-100,150,0.5926621375115408
1047,-20,61,0.5923658064427851
1048,-10,133,0.5920696235395638
1049,-30,216,0.5917735887277941
1050,-30,112,0.5914777019334302
1051,-20,64,0.5911819630824635
1052,-30,80,0.5908863721009223
1053,-70,85,0.5905909289148719
1054,30,238,0.5902956334504145
1055,-100,64,0.5900004856336893
1056,-130,22,0.5897054853908725
1057,-20,241,0.5894106326481772
1058,-140,32,0.5891159273318531
1059,-90,68,0.5888213693681873
1060,-60,63,0.5885269586835032
1061,20,191,0.5882326952041615
1062,-120,36,0.5879385788565595
1063,-100,86,0.5876446095671313
1064,-50,177,0.5873507872623477
1065,-110,69,0.5870571118687166
1066,-110,30,0.5867635833127822
1067,-30,66,0.5864702015211258
1068,80,202,0.5861769664203653
1069,-30,161,0.5858838779371551
1070,-10,281,0.5855909359981866
1071,-30,135,0.5852981405301875
1072,-150,18,0.5850054914599224
1073,-100,48,0.5847129887141925
1074,250,300,0.5844206322198354
1075,-30,265,0.5841284219037255
1076,10,150,0.5838363576927736
1077,220,300,0.5835444395139273
1078,-110,100,0.5832526672941704
1079,310,300,0.5829610409605233
1080,-40,111,0.582669560440043
1081,-90,21,0.582378225659823
1082,-40,290,0.5820870365469931
1083,-40,121,0.5817959930287196
1084,0,144,0.5815050950322053
1085,-10,214,0.5812143424846892
1086,-40,90,0.5809237353134469
1087,-100,59,0.5806332734457902
1088,-60,100,0.5803429568090673
1089,20,127,0.5800527853306628
1090,50,151,0.5797627589379976
1091,-80,37,0.5794728775585286
1092,-100,286,0.5791831411197493
1093,60,227,0.5788935495491895
1094,40,212,0.5786041027744149
1095,10,150,0.5783148007230277
1096,10,142,0.5780256433226661
1097,10,228,0.5777366305010049
1098,-70,66,0.5774477621857544
1099,-50,79,0.5771590383046616
1100,-110,42,0.5768704587855094
1101,-10,122,0.5765820235561167
1102,-120,11,0.5762937325443386
1103,40,148,0.5760055856780665
1104,-40,92,0.5757175828852275
1105,40,108,0.5754297240937849
1106,-70,60,0.5751420092317381
1107,170,300,0.5748544382271222
1108,-50,211,0.5745670110080087
1109,-80,139,0.5742797275025047
1110,-20,118,0.5739925876387535
1111,210,300,0.5737055913449342
1112,-10,263,0.5734187385492617
1113,-20,255,0.5731320291799872
1114,-110,60,0.5728454631653972
1115,-140,11,0.5725590404338146
1116,-80,51,0.5722727609135977
1117,190,300,0.571986624533141
1118,0,29,0.5717006312208744
1119,-80,148,0.571414780905264
1120,-40,78,0.5711290735148113
1121,190,300,0.570843508978054
1122,-110,39,0.570558087223565
1123,240,300,0.5702728081799533
1124,-60,69,0.5699876717758634
1125,-120,20,0.5697026779399755
1126,10,258,0.5694178266010056
1127,210,300,0.5691331176877051
1128,0,178,0.5688485511288613
1129,-60,174,0.5685641268532969
1130,-50,21,0.5682798447898704
1131,-70,87,0.5679957048674754
1132,170,300,0.5677117070150417
1133,-100,75,0.5674278511615342
1134,50,243,0.5671441372359535
1135,-80,53,0.5668605651673355
1136,-90,30,0.5665771348847519
1137,-10,75,0.5662938463173096
1138,-20,217,0.5660106993941509
1139,-100,76,0.5657276940444539
1140,210,300,0.5654448301974317
1141,-50,68,0.5651621077823331
1142,-10,272,0.564879526728442
1143,-110,46,0.5645970869650778
1144,60,129,0.5643147884215953
1145,-70,147,0.5640326310273845
1146,-110,38,0.5637506147118709
1147,-100,39,0.563468739404515
1148,-70,84,0.5631870050348128
1149,200,300,0.5629054115322955
1150,-80,62,0.5626239588265294
1151,-50,120,0.5623426468471161
1152,-60,69,0.5620614755236926
1153,10,193,0.5617804447859307
1154,-80,116,0.5614995545635377
1155,-110,64,0.561218804786256
1156,-100,17,0.5609381953838629
1157,-60,182,0.560657726286171
1158,-50,164,0.560377397423028
1159,180,300,0.5600972087243165
1160,-110,26,0.5598171601199543
1161,-40,80,0.5595372515398943
1162,200,300,0.5592574829141244
1163,-110,92,0.5589778541726673
1164,-120,64,0.558698365245581
1165,0,119,0.5584190160629583
1166,-110,57,0.5581398065549269
1167,250,300,0.5578607366516495
1168,-70,76,0.5575818062833237
1169,-130,26,0.557303015380182
1170,-80,45,0.557024363872492
1171,230,300,0.5567458516905558
1172,-80,42,0.5564674787647106
1173,-70,73,0.5561892450253283
1174,-30,143,0.5559111504028157
1175,-80,41,0.5556331948276143
1176,-30,207,0.5553553782302005
1177,-70,163,0.5550777005410855
1178,0,145,0.554800161690815
1179,-70,123,0.5545227616099696
1180,-80,55,0.5542455002291646
1181,-110,47,0.55396837747905
1182,0,131,0.5536913932903106
1183,170,300,0.5534145475936655
1184,30,210,0.5531378403198687
1185,-60,156,0.5528612713997088
1186,50,108,0.5525848407640089
1187,-20,68,0.552308548343627
1188,-130,16,0.5520323940694551
1189,-60,61,0.5517563778724205
1190,0,211,0.5514804996834843
1191,0,216,0.5512047594336427
1192,-60,76,0.5509291570539259
1193,-140,30,0.550653692475399
1194,-50,101,0.5503783656291613
1195,220,300,0.5501031764463468
1196,180,300,0.5498281248581236
1197,230,300,0.5495532107956945
1198,220,300,0.5492784341902968
1199,-20,269,0.5490037949732016
1200,240,300,0.548729293075715
1201,-110,102,0.5484549284291772
1202,-60,204,0.5481807009649626
1203,-70,68,0.5479066106144802
1204,-80,56,0.547632657309173
1205,240,300,0.5473588409805185
1206,-100,73,0.5470851615600282
1207,-100,31,0.5468116189792482
1208,210,300,0.5465382131697586
1209,-60,82,0.5462649440631737
1210,-60,166,0.5459918115911422
1211,-10,287,0.5457188156853466
1212,250,300,0.545445956277504
1213,-80,75,0.5451732332993653
1214,-110,24,0.5449006466827157
1215,-20,162,0.5446281963593743
1216,-70,134,0.5443558822611947
1217,-90,24,0.5440837043200641
1218,-50,125,0.5438116624679041
1219,-10,206,0.5435397566366702
1220,-60,145,0.5432679867583519
1221,-40,128,0.5429963527649727
1222,-100,16,0.5427248545885902
1223,0,110,0.5424534921612959
1224,-60,126,0.5421822654152153
1225,230,300,0.5419111742825077
1226,-60,26,0.5416402186953665
1227,-20,159,0.5413693985860188
1228,-70,77,0.5410987138867258
1229,230,300,0.5408281645297824
1230,-20,126,0.5405577504475175
1231,-100,69,0.5402874715722938
1232,-70,104,0.5400173278365077
1233,-40,254,0.5397473191725894
1234,-140,17,0.5394774455130031
1235,-60,82,0.5392077067902467
1236,0,284,0.5389381029368515
1237,-30,261,0.5386686338853831
1238,-50,90,0.5383992995684405
1239,-90,13,0.5381300999186562
1240,-80,50,0.537861034868697
1241,-40,58,0.5375921043512626
1242,-70,76,0.537323308299087
1243,-50,144,0.5370546466449375
1244,270,300,0.5367861193216151
1245,-30,159,0.5365177262619544
1246,-50,233,0.5362494673988234
1247,210,300,0.535981342665124
1248,170,300,0.5357133519937914
1249,-40,213,0.5354454953177946
1250,-70,30,0.5351777725701358
1251,210,300,0.5349101836838507
1252,-130,30,0.5346427285920088
1253,-70,53,0.5343754072277128
1254,170,300,0.534108219524099
1255,-60,51,0.533841165414337
1256,-110,22,0.5335742448316299
1257,10,95,0.5333074577092141
1258,-20,160,0.5330408039803595
1259,-10,185,0.5327742835783693
1260,60,142,0.5325078964365801
1261,-60,109,0.5322416424883619
1262,-100,42,0.5319755216671178
1263,-50,58,0.5317095339062843
1264,0,191,0.5314436791393312
1265,-120,25,0.5311779572997616
1266,-50,237,0.5309123683211118
1267,-30,112,0.5306469121369513
1268,-90,94,0.5303815886808828
1269,30,185,0.5301163978865424
1270,50,74,0.5298513396875991
1271,-40,124,0.5295864140177553
1272,-40,95,0.5293216208107464
1273,-140,19,0.5290569600003411
1274,-50,130,0.5287924315203409
1275,-70,160,0.5285280353045808
1276,-70,202,0.5282637712869286
1277,20,284,0.5279996394012851
1278,230,300,0.5277356395815845
1279,-120,89,0.5274717717617938
1280,190,300,0.5272080358759129
1281,200,300,0.526944431857975
1282,-60,132,0.5266809596420461
1283,230,300,0.5264176191622251
1284,210,300,0.526154410352644
1285,-60,53,0.5258913331474677
1286,-70,124,0.525628387480894
1287,-40,151,0.5253655732871536
1288,-80,31,0.5251028905005101
1289,-40,73,0.5248403390552598
1290,0,239,0.5245779188857322
1291,-40,228,0.5243156299262894
1292,-120,47,0.5240534721113264
1293,-40,170,0.5237914453752707
1294,-70,176,0.523529549652583
1295,-30,179,0.5232677848777567
1296,-120,82,0.5230061509853179
1297,-70,24,0.5227446479098252
1298,-70,198,0.5224832755858704
1299,180,300,0.5222220339480774
1300,190,300,0.5219609229311034
1301,-50,79,0.5216999424696379
1302,-90,100,0.5214390924984031
1303,-30,107,0.521178372952154
1304,-60,203,0.5209177837656779
1305,-120,51,0.520657324873795
1306,160,300,0.5203969962113582
1307,-90,40,0.5201367977132525
1308,-60,25,0.5198767293143959
1309,-70,69,0.5196167909497387
1310,-80,66,0.5193569825542639
1311,-70,107,0.5190973040629868
1312,-50,203,0.5188377554109553
1313,-90,21,0.5185783365332499
1314,-80,138,0.5183190473649834
1315,-20,242,0.5180598878413009
1316,210,300,0.5178008578973803
1317,-20,88,0.5175419574684316
1318,-160,34,0.5172831864896974
1319,-10,120,0.5170245448964526
1320,-50,127,0.5167660326240043
1321,-40,118,0.5165076496076924
1322,-60,169,0.5162493957828885
1323,-90,78,0.5159912710849971
1324,-10,241,0.5157332754494546
1325,200,300,0.5154754088117299
1326,-100,65,0.5152176711073241
1327,40,209,0.5149600622717705
1328,-60,198,0.5147025822406346
1329,-10,65,0.5144452309495143
1330,-70,34,0.5141880083340395
1331,-30,267,0.5139309143298726
1332,-120,48,0.5136739488727077
1333,-40,154,0.5134171118982713
1334,-10,300,0.5131604033423223
1335,-30,253,0.5129038231406511
1336,-50,105,0.5126473712290808
1337,0,204,0.5123910475434663
1338,0,87,0.5121348520196947
1339,0,263,0.5118787845936849
1340,-10,144,0.511622845201388
1341,10,211,0.5113670337787873
1342,-80,58,0.511111350261898
1343,-40,221,0.5108557945867671
1344,-130,53,0.5106003666894737
1345,-70,97,0.510345066506129
1346,-120,26,0.510089893972876
1347,-60,106,0.5098348490258896
1348,-60,83,0.5095799316013767
1349,-90,138,0.5093251416355761
1350,20,139,0.5090704790647583
1351,-30,249,0.508815943825226
1352,-10,88,0.5085615358533134
1353,-60,76,0.5083072550853868
1354,-20,175,0.5080531014578441
1355,-40,76,0.5077990749071152
1356,-30,185,0.5075451753696616
1357,-130,20,0.5072914027819768
1358,-80,39,0.5070377570805858
1359,-20,123,0.5067842382020455
1360,-50,169,0.5065308460829445
1361,-30,67,0.506277580659903
1362,-50,203,0.5060244418695731
1363,40,278,0.5057714296486383
1364,-100,44,0.505518543933814
1365,-120,40,0.5052657846618471
1366,-70,247,0.5050131517695162
1367,170,300,0.5047606451936315
1368,160,300,0.5045082648710347
1369,-120,36,0.5042560107385993
1370,20,177,0.50400388273323
1371,-50,112,0.5037518807918635
1372,190,300,0.5035000048514676
1373,-110,48,0.5032482548490419
1374,-150,21,0.5029966307216174
1375,-10,99,0.5027451324062566
1376,-40,146,0.5024937598400535
1377,-30,113,0.5022425129601336
1378,-60,69,0.5019913917036535
1379,-40,92,0.5017403960078016
1380,200,300,0.5014895258097978
1381,-150,38,0.5012387810468929
1382,-60,41,0.5009881616563695
1383,-50,101,0.5007376675755414
1384,-120,63,0.5004872987417537
1385,0,288,0.5002370550923828
1386,-110,68,0.49998693656483667
1387,-90,63,0.49973694309655425
1388,-100,15,0.499487074625006
1389,-20,144,0.4992373310876935
1390,-50,60,0.49898771242214973
1391,10,150,0.4987382185659387
1392,-70,57,0.4984888494566558
1393,190,300,0.4982396050319275
1394,-80,114,0.49799048522941153
1395,-20,131,0.49774148998679685
1396,0,214,0.4974926192418035
1397,-90,69,0.49724387293218264
1398,-40,90,0.49699525099571656
1399,-80,61,0.49674675337021873
1400,-80,35,0.49649837999353363
1401,-40,132,0.4962501308035369
1402,-60,103,0.4960020057381352
1403,-70,131,0.49575400473526615
1404,-110,47,0.49550612773289854
1405,-50,109,0.4952583746690321
1406,-80,58,0.4950107454816976
1407,200,300,0.4947632401089568
1408,-20,164,0.49451585848890234
1409,-110,47,0.49426860055965793
1410,-50,130,0.49402146625937815
1411,-60,110,0.4937744555262485
1412,180,300,0.4935275682984854
1413,220,300,0.49328080451433615
1414,-40,172,0.493034164112079
1415,-10,198,0.492787647030023
1416,-40,107,0.492541253206508
1417,240,300,0.4922949825799048
1418,190,300,0.49204883508861486
1419,-120,64,0.49180281067107057
1420,-100,22,0.49155690926573503
1421,-60,236,0.49131113081110217
1422,0,73,0.49106547524569666
1423,-30,283,0.4908199425080738
1424,-80,157,0.4905745325368198
1425,-30,232,0.49032924527055144
1426,-100,25,0.4900840806479162
1427,-80,50,0.48983903860759226
1428,-40,247,0.4895941190882885
1429,-30,249,0.48934932202874437
1430,-10,97,0.48910464736773
1431,-110,58,0.4888600950440462
1432,-60,41,0.4886156649965242
1433,-80,73,0.48837135716402597
1434,30,201,0.488127171485444
1435,-40,235,0.4878831078997013
1436,-50,124,0.4876391663457515
1437,-20,216,0.4873953467625787
1438,-130,7,0.4871516490891974
1439,-80,135,0.4869080732646528
1440,-30,215,0.4866646192280205
1441,180,300,0.4864212869184065
1442,-60,128,0.48617807627494736
1443,-30,133,0.4859349872368099
1444,-30,172,0.48569201974319154
1445,-100,50,0.48544917373331997
1446,-100,123,0.48520644914645333
1447,-60,128,0.48496384592188013
1448,-70,21,0.48472136399891924
1449,-50,248,0.4844790033169198
1450,-120,52,0.4842367638152614
1451,-50,251,0.48399464543335374
1452,0,106,0.4837526481106371
1453,-90,153,0.4835107717865818
1454,10,296,0.48326901640068853
1455,-120,99,0.48302738189248823
1456,180,300,0.482785868201542
1457,-20,214,0.48254447526744126
1458,-90,45,0.48230320302980756
1459,-90,36,0.48206205142829267
1460,-120,18,0.48182102040257857
1461,-60,176,0.4815801098923773
1462,-30,153,0.48133931983743117
1463,-40,214,0.48109865017751247
1464,-60,95,0.48085810085242375
1465,-40,105,0.48061767180199755
1466,-100,140,0.48037736296609657
1467,-60,138,0.48013717428461355
1468,-30,265,0.4798971056974713
1469,200,300,0.4796571571446226
1470,-40,65,0.4794173285660503
1471,20,139,0.47917761990176727
1472,-120,32,0.47893803109181643
1473,0,180,0.47869856207627054
1474,-40,95,0.47845921279523246
1475,-70,33,0.47821998318883485
1476,-90,41,0.4779808731972405
1477,-70,89,0.4777418827606419
1478,190,300,0.4775030118192616
1479,-120,20,0.47726426031335195
1480,-110,59,0.4770256281831953
1481,-120,63,0.47678711536910373
1482,0,132,0.4765487218114192
1483,-30,180,0.47631044745051354
1484,-120,15,0.4760722922267883
1485,-40,200,0.475834256080675
1486,-110,50,0.47559633895263465
1487,230,300,0.47535854078315837
1488,20,137,0.47512086151276683
1489,-100,71,0.4748833010820105
1490,10,121,0.47464585943146953
1491,-100,59,0.4744085365017538
1492,-90,104,0.47417133223350294
1493,-50,103,0.4739342465673862
1494,-60,72,0.4736972794441025
1495,-60,77,0.4734604308043805
1496,-100,211,0.47322370058897834
1497,-80,231,0.4729870887386839
1498,-20,292,0.47275059519431456
1499,150,300,0.47251421989671744
1500,-70,40,0.4722779627867691
1501,-90,77,0.47204182380537574
1502,-40,94,0.47180580289347307
1503,-150,20,0.47156989999202636
1504,230,300,0.4713341150420304
1505,-40,147,0.4710984479845094
1506,-100,39,0.4708628987605172
1507,-50,121,0.47062746731113697
1508,-30,119,0.47039215357748143
1509,-40,242,0.4701569575006927
1510,-80,108,0.4699218790219424
1511,-130,40,0.46968691808243146
1512,-60,217,0.4694520746233903
1513,50,216,0.4692173485860786
1514,-140,20,0.4689827399117856
1515,-20,139,0.4687482485418297
1516,-40,124,0.4685138744175588
1517,-50,174,0.4682796174803501
1518,40,194,0.4680454776716099
1519,-110,61,0.46781145493277415
1520,-130,39,0.4675775492053078
1521,-90,54,0.4673437604307052
1522,-60,48,0.46711008855048985
1523,-80,119,0.4668765335062146
1524,-90,80,0.4666430952394615
1525,-70,183,0.46640977369184183
1526,180,300,0.4661765688049959
1527,-50,181,0.4659434805205934
1528,-50,84,0.46571050878033315
1529,-60,103,0.465477653525943
1530,30,173,0.46524491469918006
1531,-30,190,0.4650122922418305
1532,180,300,0.4647797860957096
1533,10,122,0.4645473962026618
1534,-120,53,0.4643151225045605
1535,0,108,0.4640829649433082
1536,-120,36,0.46385092346083656
1537,160,300,0.46361899799910616
1538,230,300,0.46338718850010663
1539,-10,280,0.4631554949058566
1540,-90,68,0.4629239171584037
1541,-150,28,0.46269245519982455
1542,-100,33,0.46246110897222464
1543,-80,72,0.46222987841773855
1544,-110,25,0.4619987634785297
1545,-60,85,0.46176776409679043
1546,-90,110,0.46153688021474204
1547,-40,114,0.4613061117746347
1548,-20,232,0.46107545871874744
1549,0,109,0.4608449209893881
1550,-100,71,0.46061449852889347
1551,-130,15,0.46038419127962904
1552,-100,77,0.46015399918398925
1553,0,171,0.45992392218439726
1554,0,214,0.4596939602233051
1555,-70,137,0.4594641132431935
1556,-80,147,0.4592343811865719
1557,160,300,0.4590047639959786
1558,-30,166,0.45877526161398063
1559,-40,284,0.45854587398317365
1560,-80,135,0.4583166010461821
1561,-120,16,0.45808744274565905
1562,-100,91,0.45785839902428627
1563,-100,38,0.45762946982477415
1564,-60,35,0.4574006550898618
1565,-120,28,0.45717195476231687
1566,20,78,0.45694336878493574
1567,-20,154,0.4567148971005433
1568,-70,212,0.45648653965199304
1569,-90,173,0.4562582963821671
1570,-10,168,0.45603016723397605
1571,-90,80,0.4558021521503591
1572,-120,90,0.4555742510742839
1573,0,119,0.4553464639487468
1574,180,300,0.4551187907167724
1575,-40,182,0.45489123132141407
1576,-90,101,0.4546637857057534
1577,-90,66,0.45443645381290054
1578,-100,37,0.45420923558599413
1579,-100,33,0.45398213096820117
1580,-60,30,0.4537551399027171
1581,160,300,0.4535282623327658
1582,20,241,0.45330149820159943
1583,-100,58,0.45307484745249865
1584,-130,25,0.4528483100287724
1585,-10,294,0.45262188587375807
1586,-20,178,0.4523955749308212
1587,-70,228,0.4521693771433558
1588,-110,44,0.45194329245478415
1589,-20,111,0.4517173208085568
1590,-150,25,0.45149146214815256
1591,-50,192,0.4512657164170785
1592,-30,187,0.45104008355887
1593,-50,200,0.4508145635170906
1594,-140,58,0.4505891562353321
1595,-100,24,0.4503638616572144
1596,-80,163,0.4501386797263858
1597,-40,116,0.44991361038652267
1598,-40,36,0.4496886535813294
1599,190,300,0.44946380925453877
1600,-90,73,0.44923907734991153
1601,150,300,0.4490144578112366
1602,-30,178,0.448789950582331
1603,-110,26,0.44856555560703987
1604,-120,26,0.44834127282923636
1605,-80,55,0.44811710219282175
1606,-80,40,0.4478930436417254
1607,-60,85,0.44766909711990455
1608,-80,90,0.4474452625713446
1609,-60,92,0.4472215399400589
1610,130,300,0.4469979291700889
1611,-40,201,0.4467744302055039
1612,-110,66,0.44655104299040116
1613,200,300,0.44632776746890596
1614,-70,115,0.4461046035851715
1615,-70,58,0.445881551283379
1616,0,70,0.4456586105077373
1617,-110,31,0.44543578120248345
1618,-40,168,0.4452130633118822
1619,-80,62,0.4449904567802263
1620,180,300,0.44476796155183623
1621,-80,83,0.44454557757106034
1622,-30,158,0.44432330478227483
1623,160,300,0.4441011431298837
1624,-120,56,0.44387909255831876
1625,-90,51,0.4436571530120396
1626,-30,218,0.44343532443553363
1627,-80,118,0.4432136067733159
1628,20,206,0.4429919999699293
1629,-40,213,0.44277050396994433
1630,-110,14,0.4425491187179594
1631,180,300,0.44232784415860044
1632,10,196,0.44210668023652117
1633,-100,89,0.4418856268964029
1634,180,300,0.44166468408295473
1635,-90,42,0.4414438517409133
1636,190,300,0.44122312981504286
1637,-80,35,0.44100251825013537
1638,-80,50,0.44078201699101033
1639,-20,122,0.44056162598251486
1640,140,300,0.4403413451695236
1641,-90,246,0.4401211744969389
1642,-20,161,0.43990111390969044
1643,190,300,0.4396811633527356
1644,190,300,0.43946132277105926
1645,180,300,0.43924159210967373
1646,-80,57,0.4390219713136189
1647,-40,125,0.4388024603279621
1648,20,85,0.43858305909779816
1649,-110,33,0.4383637675682493
1650,-20,244,0.4381445856844652
1651,-70,91,0.437925513391623
1652,-80,63,0.4377065506349272
1653,190,300,0.43748769735960974
1654,200,300,0.43726895351093
1655,-70,154,0.4370503190341745
1656,-20,127,0.4368317938746575
1657,-60,35,0.43661337797772015
1658,-100,70,0.43639507128873134
1659,-90,113,0.436176873753087
1660,-80,115,0.43595878531621046
1661,-80,71,0.43574080592355235
1662,20,166,0.4355229355205906
1663,-90,30,0.43530517405283037
1664,-30,109,0.435087521465804
1665,-80,159,0.43486997770507113
1666,-90,88,0.4346525427162186
1667,-60,26,0.43443521644486055
1668,-70,91,0.43421799883663814
1669,-100,39,0.43400088983721985
1670,-70,32,0.4337838893923013
1671,-60,122,0.43356699744760513
1672,-120,34,0.43335021394888135
1673,150,300,0.4331335388419069
1674,130,300,0.432916972072486
1675,-90,84,0.43270051358644973
1676,-80,65,0.43248416332965656
1677,180,300,0.43226792124799174
1678,-30,286,0.43205178728736776
1679,-130,56,0.4318357613937241
1680,-10,105,0.43161984351302723
1681,-100,69,0.4314040335912707
1682,-80,51,0.4311883315744751
1683,-50,75,0.4309727374086879
1684,-140,17,0.4307572510399836
1685,-50,105,0.4305418724144636
1686,-50,170,0.4303266014782564
1687,140,300,0.4301114381775173
1688,-80,221,0.42989638245842854
1689,-30,172,0.42968143426719935
1690,-150,35,0.4294665935500658
1691,-110,108,0.42925186025329076
1692,-120,40,0.42903723432316415
1693,180,300,0.4288227157060026
1694,-100,166,0.4286083043481496
1695,-90,41,0.42839400019597557
1696,-20,288,0.4281798031958776
1697,-90,102,0.4279657132942797
1698,-70,96,0.42775173043763254
1699,150,300,0.4275378545724137
1700,180,300,0.4273240856451275
1701,-40,117,0.427110423602305
1702,130,300,0.4268968683905039
1703,-40,192,0.42668341995630865
1704,-20,126,0.42647007824633054
1705,-80,40,0.4262568432072074
1706,-50,260,0.4260437147856038
1707,150,300,0.425830692928211
1708,140,300,0.42561777758174696
1709,-80,62,0.42540496869295613
1710,-40,261,0.42519226620860967
1711,-50,108,0.4249796700755054
1712,-130,162,0.42476718024046767
1713,-110,17,0.42455479665034745
1714,-110,66,0.4243425192520223
1715,-80,37,0.42413034799239635
1716,-100,34,0.42391828281840016
1717,-30,151,0.42370632367699096
1718,-100,47,0.4234944705151525
1719,10,188,0.4232827232798949
1720,-80,53,0.423071081918255
1721,-60,72,0.4228595463772959
1722,10,114,0.4226481166041073
1723,-70,50,0.42243679254580524
1724,-80,102,0.4222255741495324
1725,-30,161,0.4220144613624576
1726,190,300,0.42180345413177645
1727,-40,45,0.4215925524047106
1728,150,300,0.42138175612850826
1729,-140,28,0.421171065250444
1730,-50,126,0.4209604797178188
1731,-100,150,0.42074999947795994
1732,-30,131,0.42053962447822096
1733,-30,200,0.42032935466598187
1734,-70,103,0.4201191899886489
1735,240,300,0.4199091303936546
1736,-40,124,0.4196991758284578
1737,-50,55,0.4194893262405436
1738,-70,85,0.41927958157742334
1739,-50,179,0.41906994178663465
1740,-50,70,0.4188604068157413
1741,-50,182,0.41865097661233347
1742,170,300,0.4184416511240273
1743,-80,135,0.4182324302984653
1744,-110,135,0.4180233140833161
1745,-30,283,0.4178143024262745
1746,-30,188,0.41760539527506135
1747,-70,101,0.41739659257742384
1748,-50,183,0.4171878942811352
1749,-10,149,0.4169793003339946
1750,-60,183,0.41677081068382765
1751,-80,31,0.41656242527848575
1752,180,300,0.41635414406584653
1753,150,300,0.4161459669938136
1754,190,300,0.4159378940103167
1755,-20,139,0.4157299250633116
1756,30,110,0.41552206010077997
1757,-50,91,0.4153142990707296
1758,-40,69,0.41510664192119423
1759,-120,92,0.41489908860023367
1760,-110,57,0.4146916390559336
1761,-120,18,0.4144842932364056
1762,-30,218,0.41427705108978746
1763,-50,171,0.4140699125642426
1764,190,300,0.4138628776079605
1765,150,300,0.4136559461691565
1766,-50,82,0.41344911819607194
1767,-30,159,0.4132423936369739
1768,-20,165,0.41303577244015544
1769,-30,151,0.4128292545539354
1770,170,300,0.41262283992665844
1771,-80,78,0.41241652850669513
1772,-10,163,0.4122103202424418
1773,120,300,0.4120042150823206
1774,-120,46,0.4117982129747795
1775,-60,49,0.4115923138682921
1776,0,164,0.411386517711358
1777,180,300,0.4111808244525023
1778,-40,82,0.4109752340402761
1779,210,300,0.410769746423256
1780,200,300,0.4105643615500444
1781,150,300,0.4103590793692694
1782,-100,69,0.4101538998295848
1783,150,300,0.40994882287967
1784,150,300,0.4097438484682302
1785,-120,83,0.4095389765439961
1786,-50,133,0.40933420705572415
1787,-100,20,0.4091295399521963
1788,200,300,0.4089249751822202
1789,-70,72,0.4087205126946291
1790,-60,139,0.4085161524382818
1791,-10,261,0.4083118943620627
1792,-60,256,0.40810773841488174
1793,-30,243,0.4079036845456743
1794,-10,36,0.40769973270340154
1795,-60,106,0.40749588283704985
1796,-60,148,0.4072921348956314
1797,-50,126,0.4070884888281836
1798,-40,121,0.40688494458376956
1799,-50,230,0.4066815021114777
1800,-120,16,0.406478161360422
1801,-80,81,0.40627492227974177
1802,-50,228,0.4060717848186019
1803,-70,119,0.4058687489261926
1804,0,255,0.40566581455172956
1805,-120,29,0.4054629816444537
1806,-20,188,0.4052602501536315
1807,-110,89,0.40505762002855467
1808,-120,167,0.4048550912185404
1809,-100,144,0.4046526636729312
1810,-80,223,0.40445033734109476
1811,-50,158,0.40424811217242423
1812,-80,77,0.404045988116338
1813,-120,180,0.4038439651222799
1814,-80,60,0.40364204313971874
1815,-80,30,0.4034402221181489
1816,-120,53,0.4032385020070898
1817,-60,167,0.4030368827560863
1818,-90,108,0.4028353643147083
1819,-80,108,0.402633946632551
1820,-60,155,0.4024326296592347
1821,-40,178,0.4022314133444051
1822,-80,105,0.4020302976377329
1823,-20,271,0.4018292824889141
1824,-80,46,0.40162836784766964
1825,-60,68,0.40142755366374583
1826,160,300,0.401226839886914
1827,-120,16,0.40102622646697056
1828,-90,79,0.4008257133537371
1829,-100,44,0.4006253004970603
1830,-40,98,0.4004249878468118
1831,-70,26,0.4002247753528884
1832,-40,287,0.400024662965212
1833,-40,137,0.3998246506337294
1834,-60,40,0.39962473830841255
1835,180,300,0.3994249259392584
1836,-90,116,0.39922521347628875
1837,-50,134,0.39902560086955063
1838,-30,168,0.3988260880691159
1839,-70,197,0.39862667502508137
1840,-80,71,0.39842736168756887
1841,-10,290,0.3982281480067251
1842,-50,30,0.39802903393272177
1843,-80,99,0.3978300194157554
1844,-130,20,0.39763110440604754
1845,-100,24,0.3974322888538445
1846,150,300,0.3972335727094176
1847,0,281,0.3970349559230629
1848,-100,94,0.3968364384451014
1849,-20,148,0.3966380202258789
1850,-50,179,0.396439701215766
1851,-50,62,0.39624148136515813
1852,200,300,0.3960433606244756
1853,0,135,0.39584533894416335
1854,180,300,0.3956474162746913
1855,-60,96,0.395449592566554
1856,-50,47,0.3952518677702707
1857,-80,169,0.3950542418363856
1858,-70,96,0.3948567147154674
1859,-90,70,0.3946592863581097
1860,-40,239,0.3944619567149307
1861,-50,184,0.39426472573657323
1862,-50,238,0.39406759337370495
1863,-90,128,0.3938705595770181
1864,-120,15,0.39367362429722963
1865,160,300,0.393476787485081
1866,-50,183,0.3932800490913385
1867,-100,34,0.39308340906679284
1868,-40,238,0.3928868673622595
1869,-90,40,0.3926904239285784
1870,-70,251,0.3924940787166141
1871,180,300,0.39229783167725585
1872,-50,169,0.39210168276141727
1873,-110,17,0.3919056319200366
1874,-40,140,0.39170967910407656
1875,-80,140,0.3915138242645245
1876,-130,127,0.3913180673523923
1877,210,300,0.3911224083187161
1878,210,300,0.3909268471145568
1879,-60,192,0.3907313836909995
1880,-140,57,0.39053601799915405
1881,-10,239,0.3903407499901545
1882,130,300,0.39014557961515944
1883,-60,61,0.3899505068253519
1884,210,300,0.3897555315719392
1885,-70,136,0.38956065380615323
1886,-110,18,0.38936587347925017
1887,-80,127,0.3891711905425106
1888,170,300,0.38897660494723935
1889,-50,181,0.38878211664476575
1890,-60,181,0.3885877255864434
1891,210,300,0.3883934317236502
1892,-40,285,0.3881992350077884
1893,-10,205,0.38800513539028453
1894,-10,277,0.3878111328225894
1895,-50,87,0.3876172272561781
1896,-30,197,0.38742341864255003
1897,-60,43,0.3872297069332288
1898,-30,125,0.3870360920797622
1899,-40,195,0.38684257403372235
1900,-110,28,0.3866491527467055
1901,-80,77,0.3864558281703322
1902,-130,38,0.38626260025624704
1903,150,300,0.38606946895611893
1904,-90,37,0.3858764342216409
1905,170,300,0.3856834960045301
1906,-160,43,0.38549065425652784
1907,-70,160,0.3852979089293996
1908,-80,112,0.3851052599749349
1909,-110,41,0.3849127073449474
1910,-40,111,0.384720250991275
1911,-60,223,0.3845278908657794
1912,-90,59,0.3843356269203465
1913,-160,31,0.38414345910688635
1914,-50,186,0.3839513873773329
1915,240,300,0.38375941168364425
1916,-50,69,0.38356753197780247
1917,-30,183,0.3833757482118136
1918,-100,90,0.3831840603377077
1919,-10,181,0.38299246830753886
1920,-30,190,0.3828009720733851
1921,-80,83,0.38260957158734843
1922,-70,187,0.3824182668015548
1923,-60,146,0.382227057668154
1924,-90,50,0.38203594413931996
1925,-100,116,0.3818449261672503
1926,-60,70,0.3816540037041667
1927,180,300,0.3814631767023146
1928,-110,54,0.38127244511396347
1929,-40,42,0.3810818088914065
1930,-110,40,0.3808912679869608
1931,-80,36,0.38070082235296737
1932,-40,197,0.3805104719417909
1933,-60,134,0.38032021670582
1934,-40,168,0.3801300565974671
1935,-80,119,0.3799399915691684
1936,-110,37,0.37975002157338383
1937,-90,66,0.3795601465625972
1938,-50,70,0.3793703664893159
1939,-50,85,0.37918068130607124
1940,150,300,0.3789910909654182
1941,-50,130,0.3788015954199355
1942,-100,36,0.37861219462222556
1943,-100,138,0.37842288852491446
1944,-60,190,0.37823367708065203
1945,-60,76,0.37804456024211175
1946,140,300,0.37785553796199073
1947,-150,48,0.37766661019300973
1948,190,300,0.37747777688791323
1949,-110,34,0.3772890379994693
1950,-20,235,0.3771003934804696
1951,-100,68,0.3769118432837294
1952,-60,182,0.37672338736208755
1953,-50,43,0.3765350256684065
1954,-40,225,0.37634675815557234
1955,-100,66,0.37615858477649455
1956,200,300,0.3759705054841063
1957,160,300,0.37578252023136427
1958,-100,33,0.3755946289712486
1959,-80,115,0.37540683165676303
1960,-70,106,0.3752191282409347
1961,-90,70,0.3750315186768142
1962,-130,111,0.3748440029174758
1963,-70,77,0.3746565809160171
1964,-60,249,0.37446925262555913
1965,-120,52,0.3742820179992464
1966,-60,139,0.3740948769902468
1967,-90,54,0.37390782955175167
1968,-50,174,0.3737208756369758
1969,-80,121,0.37353401519915735
1970,-70,59,0.3733472481915578
1971,-100,46,0.37316057456746204
1972,-50,64,0.37297399428017836
1973,-70,57,0.3727875072830383
1974,-70,75,0.3726011135293968
1975,-120,13,0.3724148129726321
1976,-130,17,0.37222860556614584
1977,-100,228,0.3720424912633628
1978,-60,58,0.37185647001773114
1979,-80,85,0.3716705417827223
1980,-100,98,0.37148470651183096
1981,-40,96,0.37129896415857505
1982,-130,39,0.3711133146764958
1983,150,300,0.37092775801915756
1984,-40,88,0.370742294140148
1985,-60,20,0.3705569229930779
1986,-100,149,0.3703716445315814
1987,-60,221,0.3701864587093156
1988,-80,56,0.370001365479961
1989,-110,130,0.369816364797221
1990,-70,48,0.36963145661482244
1991,-30,164,0.3694466408865151
1992,-80,93,0.36926191756607185
1993,-110,37,0.36907728660728883
1994,-30,236,0.3688927479639852
1995,-120,36,0.36870830159000323
1996,-90,51,0.36852394743920824
1997,-90,151,0.3683396854654887
1998,170,300,0.36815551562275595
1999,-10,255,0.3679714378649446
2000,-90,75,0.3677874521460121
